"Name","FullName","CreationTime"
"声音与图像特征提取计算公式详解.md","D:\十五五\开源项目构思\声音与图像特征提取计算公式详解.md","2025/10/27 13:20:44"
"数字信号参数识别与映射详解.md","D:\十五五\开源项目构思\数字信号参数识别与映射详解.md","2025/10/27 13:28:29"
"全球开源音视频处理技术详解.md","D:\十五五\开源项目构思\全球开源音视频处理技术详解.md","2025/10/27 13:39:42"
"开源音视频处理项目资源汇总.md","D:\十五五\开源项目构思\开源音视频处理项目资源汇总.md","2025/10/27 13:40:26"
"系统架构开源项目.md","D:\十五五\开源项目构思\系统架构开源项目.md","2025/10/27 13:55:41"
"音视频参数存储与匹配系统.md","D:\十五五\开源项目构思\音视频参数存储与匹配系统.md","2025/10/27 14:01:55"
"音视频转文字开源项目选择.md","D:\十五五\开源项目构思\音视频转文字开源项目选择.md","2025/10/27 14:20:15"
"智能系统数据管控与决策开源项目选择.md","D:\十五五\开源项目构思\智能系统数据管控与决策开源项目选择.md","2025/10/27 15:02:23"
"具身智能系统架构对比分析.md","D:\十五五\开源项目构思\具身智能系统架构对比分析.md","2025/10/27 15:08:26"
"具身智能中的大脑认知与自我意识组件.md","D:\十五五\开源项目构思\具身智能中的大脑认知与自我意识组件.md","2025/10/27 15:13:22"
"开源项目选择与组合策略详解.md","D:\十五五\开源项目构思\开源项目选择与组合策略详解.md","2025/10/27 15:18:16"
"真实婴儿AI管家系统项目计划.md","D:\十五五\真实婴儿AI管家系统项目计划.md","2025/10/27 16:33:20"
"真实婴儿AI管家系统开源项目收集报告.md","D:\十五五\真实婴儿AI管家系统开源项目收集报告.md","2025/10/27 16:47:35"
"真实婴儿AI管家系统开源项目快速参考指南.md","D:\十五五\真实婴儿AI管家系统开源项目快速参考指南.md","2025/10/27 16:48:24"
"真实婴儿AI管家系统实施计划.md","D:\十五五\真实婴儿AI管家系统实施计划.md","2025/10/27 16:49:26"
"具身智能大脑能力补充说明.md","D:\十五五\具身智能大脑能力补充说明.md","2025/10/27 16:57:23"
"OpenCV代码深度分析.md","D:\十五五\开源项目深度技术分析\OpenCV代码深度分析.md","2025/10/27 17:46:33"
"Librosa代码深度分析.md","D:\十五五\开源项目深度技术分析\Librosa代码深度分析.md","2025/10/27 17:47:36"
"Whisper代码深度分析.md","D:\十五五\开源项目深度技术分析\Whisper代码深度分析.md","2025/10/27 17:48:47"
"Redis代码深度分析.md","D:\十五五\开源项目深度技术分析\Redis代码深度分析.md","2025/10/27 17:50:17"
"LangChain代码深度分析.md","D:\十五五\开源项目深度技术分析\LangChain代码深度分析.md","2025/10/27 17:51:47"
"PyTorch代码深度分析.md","D:\十五五\开源项目深度技术分析\PyTorch代码深度分析.md","2025/10/27 17:53:34"
"Transformers代码深度分析.md","D:\十五五\开源项目深度技术分析\Transformers代码深度分析.md","2025/10/27 17:55:50"
"Apache Kafka代码深度分析.md","D:\十五五\开源项目深度技术分析\Apache Kafka代码深度分析.md","2025/10/27 17:58:17"
"Apache Flink代码深度分析.md","D:\十五五\开源项目深度技术分析\Apache Flink代码深度分析.md","2025/10/27 18:01:02"
"Prometheus代码深度分析.md","D:\十五五\开源项目深度技术分析\Prometheus代码深度分析.md","2025/10/27 18:03:54"
"Grafana代码深度分析.md","D:\十五五\开源项目深度技术分析\Grafana代码深度分析.md","2025/10/27 18:07:17"
"Docker代码深度分析.md","D:\十五五\开源项目深度技术分析\Docker代码深度分析.md","2025/10/27 18:10:27"
"Kubernetes代码深度分析.md","D:\十五五\开源项目深度技术分析\Kubernetes代码深度分析.md","2025/10/27 18:13:37"
"PostgreSQL代码深度分析.md","D:\十五五\开源项目深度技术分析\PostgreSQL代码深度分析.md","2025/10/27 18:17:40"
"FastAPI代码深度分析.md","D:\十五五\开源项目深度技术分析\FastAPI代码深度分析.md","2025/10/27 18:21:18"
"React代码深度分析.md","D:\十五五\开源项目深度技术分析\React代码深度分析.md","2025/10/27 18:26:58"
"MediaPipe代码深度分析.md","D:\十五五\开源项目深度技术分析\MediaPipe代码深度分析.md","2025/10/27 18:36:54"
"SpeechRecognition代码深度分析.md","D:\十五五\开源项目深度技术分析\SpeechRecognition代码深度分析.md","2025/10/27 18:39:58"
"spaCy代码深度分析.md","D:\十五五\开源项目深度技术分析\spaCy代码深度分析.md","2025/10/27 18:44:16"
"scikit-learn代码深度分析.md","D:\十五五\开源项目深度技术分析\scikit-learn代码深度分析.md","2025/10/27 18:49:14"
"TensorFlow代码深度分析.md","D:\十五五\开源项目深度技术分析\TensorFlow代码深度分析.md","2025/10/27 18:55:29"
"Hugging Face Transformers代码深度分析.md","D:\十五五\开源项目深度技术分析\Hugging Face Transformers代码深度分析.md","2025/10/27 19:40:26"
"LangChain.md","D:\十五五\开源项目深度技术分析\LangChain.md","2025/10/27 19:47:08"
"BabyAGI代码深度分析.md","D:\十五五\开源项目深度技术分析\BabyAGI代码深度分析.md","2025/10/27 20:02:13"
"Soar代码深度分析.md","D:\十五五\开源项目深度技术分析\Soar代码深度分析.md","2025/10/27 20:03:58"
"ACT-R代码深度分析.md","D:\十五五\开源项目深度技术分析\ACT-R代码深度分析.md","2025/10/27 20:06:38"
"OpenNARS代码深度分析.md","D:\十五五\开源项目深度技术分析\OpenNARS代码深度分析.md","2025/10/27 20:12:08"
"CAMEL代码深度分析.md","D:\十五五\开源项目深度技术分析\CAMEL代码深度分析.md","2025/10/27 20:14:13"
"MetaGPT代码深度分析.md","D:\十五五\开源项目深度技术分析\MetaGPT代码深度分析.md","2025/10/27 20:15:50"
"AutoGPT代码深度分析.md","D:\十五五\开源项目深度技术分析\AutoGPT代码深度分析.md","2025/10/27 20:17:50"
"认知决策层深度技术分析.md","D:\十五五\开源项目深度技术分析\认知决策层深度技术分析.md","2025/10/27 20:33:24"
"交互系统深度技术分析.md","D:\十五五\开源项目深度技术分析\交互系统深度技术分析.md","2025/10/27 20:36:14"
"思维系统深度技术分析.md","D:\十五五\开源项目深度技术分析\思维系统深度技术分析.md","2025/10/27 20:38:45"
"智能进化系统深度技术分析.md","D:\十五五\开源项目深度技术分析\智能进化系统深度技术分析.md","2025/10/27 20:48:13"
"互联网数据收集器深度技术分析.md","D:\十五五\开源项目深度技术分析\互联网数据收集器深度技术分析.md","2025/10/27 20:49:23"
"增强语音器官深度技术分析.md","D:\十五五\开源项目深度技术分析\增强语音器官深度技术分析.md","2025/10/27 20:50:54"
"真实婴儿AI管家系统深度技术分析.md","D:\十五五\开源项目深度技术分析\真实婴儿AI管家系统深度技术分析.md","2025/10/27 20:51:42"
"项目技术分析总览.md","D:\十五五\开源项目深度技术分析\项目技术分析总览.md","2025/10/27 20:52:04"
"人类意识参数化机制全面剖析.md","D:\十五五\开源项目构思\人类意识参数化机制全面剖析.md","2025/10/27 23:28:46"
"人类意识参数系统的学习与创造机制.md","D:\十五五\开源项目构思\人类意识参数系统的学习与创造机制.md","2025/10/27 23:46:16"
"大脑硬件底层逻辑与意识生成机制.md","D:\十五五\开源项目构思\大脑硬件底层逻辑与意识生成机制.md","2025/10/28 1:12:36"
"计算机底层架构实现：从数据流到意识生成.md","D:\十五五\开源项目构思\计算机底层架构实现：从数据流到意识生成.md","2025/10/28 1:18:13"
"计算机底层架构分析与系统代码实现指南.md","D:\十五五\开源项目构思\计算机底层架构分析与系统代码实现指南.md","2025/10/28 1:27:32"
"具身智能意识系统开源平台分析与定制方案.md","D:\十五五\开源项目构思\具身智能意识系统开源平台分析与定制方案.md","2025/10/28 1:50:49"
"具身智能意识系统定制Linux开发文档.md","D:\十五五\开源项目构思\具身智能意识系统定制Linux开发文档.md","2025/10/28 2:42:32"
"文档统一目录.md","D:\十五五\文档统一目录.md","2025/10/28 3:04:02"
"硬件设备接口规范.md","D:\十五五\开源项目构思\硬件设备接口规范.md","2025/10/28 3:11:45"
"系统集成测试文档.md","D:\十五五\开源项目构思\系统集成测试文档.md","2025/10/28 3:13:23"
"系统性能基础测试文档.md","D:\十五五\开源项目构思\系统性能基础测试文档.md","2025/10/28 3:24:44"
"系统运维指南文档.md","D:\十五五\开源项目构思\系统运维指南文档.md","2025/10/28 3:31:18"
"系统安全架构设计文档.md","D:\十五五\开源项目构思\系统安全架构设计文档.md","2025/10/28 3:43:24"
"系统API接口文档.md","D:\十五五\开源项目构思\系统API接口文档.md","2025/10/28 3:47:13"
"file_creation_times.csv","D:\十五五\file_creation_times.csv","2025/10/28 8:17:53"
